Nome,Link
23-24 AC Milan Home Shirt,https://static1.cdn-subsidesports.com/2/media/catalog/product/cache/8c1d2c81075bec58441bdd78446b18bb/7/2/727b6c6f46887473aef84dbccf13ee5fe00f4a3bf615bdce029744484a509715.jpeg
20-21 AC Milan Away Shirt,https://static1.cdn-subsidesports.com/2/media/catalog/product/cache/8c1d2c81075bec58441bdd78446b18bb/8/3/833af3d8ec259d74257ae6c3b98ae9ebcf55823d6791f4a9e0df00a5aabf096c.jpeg
20-21 AC Milan 3rd Shirt,https://static1.cdn-subsidesports.com/2/media/catalog/product/cache/8c1d2c81075bec58441bdd78446b18bb/1/e/1ea1cca9dc4b5a162665a496cf58b5296d8b161acb4846f87dfeab79f9e66de1.jpeg
,
23-24 Ajax Home Shirt,https://static1.cdn-subsidesports.com/2/media/catalog/product/cache/8c1d2c81075bec58441bdd78446b18bb/8/f/8f9838b23a212f1cf7974e0c8273b879eebafffe5be29a469d06a75f1bf60b7d.jpeg
23-24 Ajax Away Shirt,https://static1.cdn-subsidesports.com/2/media/catalog/product/cache/8c1d2c81075bec58441bdd78446b18bb/0/b/0be566177e4aa8f7d950796ff0a49eae93f1e025698f902316a7b7f1c77b54a7.jpeg
23-24 Ajax 3rd Shirt,https://static1.cdn-subsidesports.com/2/media/catalog/product/cache/8c1d2c81075bec58441bdd78446b18bb/3/9/393ff460609ea90e29e2fdb65a12a226a203fcbea301cdfefcb23ec28dd67259.jpeg
22-23 Ajax Home Shirt,https://static1.cdn-subsidesports.com/2/media/catalog/product/cache/8c1d2c81075bec58441bdd78446b18bb/d/0/d079115c28fe10d8baea380332dcb9bb1a78e0528da5c859949981164a8b448d.jpeg
,
,
23-24 Atalanta Away Shirt,https://static1.cdn-subsidesports.com/2/media/catalog/product/cache/8c1d2c81075bec58441bdd78446b18bb/e/9/e95bd6bc2fbfec34b9696ce4e0dcf3e944f2db2b6ddf98f812e3e0b3074ef8b7.jpeg
23-24 Atalanta Home Shirt,https://static1.cdn-subsidesports.com/2/media/catalog/product/cache/8c1d2c81075bec58441bdd78446b18bb/e/4/e49a09862c01a4dcfa12fa146b588cd671d98a44beb4e8829f1865a1f163dd0a.jpeg
,
,
,
,
23-24 Atletico Madrid Home Shirt,https://static1.cdn-subsidesports.com/2/media/catalog/product/cache/8c1d2c81075bec58441bdd78446b18bb/7/1/71524dcfb16ed69f3364f175dba6c3fe0f7d942f97082152869c559b41f83c63.jpeg
22-23 Atletico Madrid Home Shirt,https://static1.cdn-subsidesports.com/2/media/catalog/product/cache/8c1d2c81075bec58441bdd78446b18bb/2/c/2c0ac9c33c79c5379cec44ebe195d6911c3d46fb64a90c6adc4dc33e6e9e9153.jpeg
,
22-23 Atletico Madrid Away Shirt,https://static1.cdn-subsidesports.com/2/media/catalog/product/cache/8c1d2c81075bec58441bdd78446b18bb/6/4/64ae15b2b9b1735720a5569c73252e4d783fd102796b562a264bdb7d91164916.jpeg
22-23 Atletico Madrid 3rd Shirt,https://static1.cdn-subsidesports.com/2/media/catalog/product/cache/8c1d2c81075bec58441bdd78446b18bb/8/1/817498ae8e77030a0ecc1e1eba00f7f085dafbbd6d032a5bbe771d8a66bad05c.jpeg
21-22 Atletico Madrid 3rd Shirt,https://static1.cdn-subsidesports.com/2/media/catalog/product/cache/8c1d2c81075bec58441bdd78446b18bb/7/2/72e2781e2e0f5cb62fc69579825687cef7bfb33fd6bc812403d004be3b89b3c1.jpeg
20-21 Atletico Madrid 3rd Shirt,https://static1.cdn-subsidesports.com/2/media/catalog/product/cache/8c1d2c81075bec58441bdd78446b18bb/c/a/ca194f28c4d920a2f35a2a032633cc99103c126c3abcc7885558b7326a9a129c.jpeg
,
,
23-24 Barcelona Home Shirt,https://static1.cdn-subsidesports.com/2/media/catalog/product/cache/8c1d2c81075bec58441bdd78446b18bb/6/9/69771bd7d40af79ce09735ddfe8b3bce32563b30df58255f5a33328dc01fb2e8.jpeg
,
23-24 Barcelona Away Shirt,https://static1.cdn-subsidesports.com/2/media/catalog/product/cache/8c1d2c81075bec58441bdd78446b18bb/e/1/e17f1b50a8b80890ae956e34e9a6cdaf679cb4f4d3d2eaaf0a502b29e719e4ca.jpeg
23-24 Barcelona 3rd Shirt,https://static1.cdn-subsidesports.com/2/media/catalog/product/cache/8c1d2c81075bec58441bdd78446b18bb/2/7/272e498e02a1a369d698dbc53ad172d7b7961ed9c6e2be01366f73a362da7650.jpeg
,
,
,
,
22-23 Barcelona Home Shirt,https://static1.cdn-subsidesports.com/2/media/catalog/product/cache/8c1d2c81075bec58441bdd78446b18bb/4/b/4bfea55bd6ef6f33fbab457381185e000a9250b8c74356f990ed95569ec0e0b1.jpeg
22-23 Barcelona Away Shirt,https://static1.cdn-subsidesports.com/2/media/catalog/product/cache/8c1d2c81075bec58441bdd78446b18bb/4/0/4055907c6f9bc5bc1c178e08549d91625f6f1cad567f219be3f4a7be1a7c7ecd.jpeg
22-23 Barcelona Dri-Fit ADV Match 3rd Shirt,https://static1.cdn-subsidesports.com/2/media/catalog/product/cache/8c1d2c81075bec58441bdd78446b18bb/6/d/6dccdb9fe601b365ee6a7683497c4e46fa77097e1ee89f4b7bbd1607c3d344f1.jpeg
17-18 Barcelona Home Shirt,https://static1.cdn-subsidesports.com/2/media/catalog/product/cache/8c1d2c81075bec58441bdd78446b18bb/d/4/d4db055e3d8ff7bfe92528e2fb000d93945c074c59689840993be5d0d0ccfea9.jpeg
,
,
,
23-24 Bayern Munich Home Shirt,https://static1.cdn-subsidesports.com/2/media/catalog/product/cache/8c1d2c81075bec58441bdd78446b18bb/3/a/3ace6249a6fe7661c35f49f5531b86f53de9a54afa7e2c73177f6742e734c36a.jpeg
,
,
,
23-24 Bayern Munich Away Shirt,https://static1.cdn-subsidesports.com/2/media/catalog/product/cache/8c1d2c81075bec58441bdd78446b18bb/d/e/dedbbc2bffc398093218d40219780f9cdfcea74ed0903d0f6614a2f8a725a91c.jpeg
,
,
,
,
22-23 Bayern Munich Home Shirt + Bundesliga Champions 21/22 Patch,https://static1.cdn-subsidesports.com/2/media/catalog/product/cache/8c1d2c81075bec58441bdd78446b18bb/c/5/c524dc793921a41772a4aa59bca7fd31c3fe2aa0e19a6ba7d5458eed6c5f877a.jpeg
22-23 FC Bayern Munich Away Shirt,https://static1.cdn-subsidesports.com/2/media/catalog/product/cache/8c1d2c81075bec58441bdd78446b18bb/4/d/4da041140f12b6ed4f2522bb0a378d7e47002257c4507aa3d5d2b6251c39c650.jpeg
,
,
,
23-24 Benfica Home Shirt,https://static1.cdn-subsidesports.com/2/media/catalog/product/cache/8c1d2c81075bec58441bdd78446b18bb/5/5/557fa067d26490fd8a3503fbec989e493b485a6a3bab1ce6f696dfed30c45891.jpeg
,
,
,
23-24 Borussia Dortmund Home Shirt,https://static1.cdn-subsidesports.com/2/media/catalog/product/cache/8c1d2c81075bec58441bdd78446b18bb/b/1/b1d24b7c9c2934c410207f4554c7031ab73978e3724062864c36571e075ffb9f.jpeg
23-24 Borussia Dortmund 3rd Shirt,https://static1.cdn-subsidesports.com/2/media/catalog/product/cache/8c1d2c81075bec58441bdd78446b18bb/7/0/70fba5314f6c4125c231e550069c787dc787a8de0c8fbd209d9dbd3c6a68f56c.jpeg
23-24 Borussia Dortmund Away Shirt,https://static1.cdn-subsidesports.com/2/media/catalog/product/cache/8c1d2c81075bec58441bdd78446b18bb/8/4/84d051ff255aba32c7b614ee58a71a7b0ed1502ecfe6087139209d9566d72436.jpeg
22-23 Borussia Dortmund Away Shirt,https://static1.cdn-subsidesports.com/2/media/catalog/product/cache/8c1d2c81075bec58441bdd78446b18bb/3/b/3bfb731b086b375abfd25c23c520e25f4a1326c504965d47227f6045463811e8.jpeg
,
21-22 Borussia Dortmund Home Shirt,https://static1.cdn-subsidesports.com/2/media/catalog/product/cache/8c1d2c81075bec58441bdd78446b18bb/6/d/6d6e8f13622b3f89d332088470409a904bb848bbd6c1b202b8964406bdfa17ea.jpeg
,
,
,
23-24 Chelsea Home Shirt,https://static1.cdn-subsidesports.com/2/media/catalog/product/cache/8c1d2c81075bec58441bdd78446b18bb/3/2/323a6a8c0b4005d713f396dcdb74cff10f91cdeada0bf400eaf6fbe75a579e22.jpeg
,
,
23-24 Chelsea Away Shirt,https://static1.cdn-subsidesports.com/2/media/catalog/product/cache/8c1d2c81075bec58441bdd78446b18bb/9/5/9594a988773f3a91a06ea4fffad7a41ed14e3bc082d042bbb9c2c744c503be50.jpeg
23-24 Chelsea Dri-Fit ADV Match 3rd Shirt,https://static1.cdn-subsidesports.com/2/media/catalog/product/cache/8c1d2c81075bec58441bdd78446b18bb/5/9/59139974dd85beca178d4a4a33b5a5a8caa84e616ba9581b4ff6e0b7baee4120.jpeg
,
,
,
22-23 Chelsea Home Shirt,https://static1.cdn-subsidesports.com/2/media/catalog/product/cache/8c1d2c81075bec58441bdd78446b18bb/8/e/8ee443f7ed4417b079f251ca092c38318ad483c3f706065a4925a7161c7bcbda.jpeg
22-23 Chelsea 3rd Shirt,https://static1.cdn-subsidesports.com/2/media/catalog/product/cache/8c1d2c81075bec58441bdd78446b18bb/4/d/4d3693b324b80746c57a6426175871dde51d38e45ab86fcb20aa989720c5aa4a.jpeg
,
,
22-23 Chelsea Away Shirt,https://static1.cdn-subsidesports.com/2/media/catalog/product/cache/8c1d2c81075bec58441bdd78446b18bb/7/7/7797fc211382fcbe286028c42520d3e7dd8cabf86ae38bd784aa002421aba118.jpeg
21-22 Chelsea Home Shirt,https://static1.cdn-subsidesports.com/2/media/catalog/product/cache/8c1d2c81075bec58441bdd78446b18bb/f/7/f7659d67e497a1ab4f169b5a72e56db5dd5bba73eb647d789ad758b2d6b6e6de.jpeg
,
,
,
,
,
,
,
,
,
,
22-23 FC Porto Home Shirt,https://static1.cdn-subsidesports.com/2/media/catalog/product/cache/8c1d2c81075bec58441bdd78446b18bb/c/e/cef701dd19862d1a8a4be8258802f88b65d954b376442e3516c98fdd110ca880.jpeg
22-23 FC Porto 3rd Shirt,https://static1.cdn-subsidesports.com/2/media/catalog/product/cache/8c1d2c81075bec58441bdd78446b18bb/b/5/b5a7d44bb9c4d86b22940ac07102394ceb0e97bdae537c24475c202cc241a6dc.jpeg
,
,
23-24 Inter Milan Home Shirt,https://static1.cdn-subsidesports.com/2/media/catalog/product/cache/8c1d2c81075bec58441bdd78446b18bb/d/d/dd51b425d6acbcdf1ca736edb892fa979c80d5b759605b46ce2c47781ef1aa16.jpeg
,
,
23-24 Inter Milan Away Shirt,https://static1.cdn-subsidesports.com/2/media/catalog/product/cache/8c1d2c81075bec58441bdd78446b18bb/5/a/5a362046b64cce815862fb75bff8242a5461fc3f8d578693bace99e638ef21e3.jpeg
,
,
,
22-23 Inter Milan Home Shirt - No sponsor,https://static1.cdn-subsidesports.com/2/media/catalog/product/cache/8c1d2c81075bec58441bdd78446b18bb/d/a/daa6f94012947d4625096f26d51023e46b1c4b41e54509c972161fc6bae0c195.jpeg
22-23 Inter Milan Away Shirt,https://static1.cdn-subsidesports.com/2/media/catalog/product/cache/8c1d2c81075bec58441bdd78446b18bb/8/5/851f438ae63d147cd2ae71ffc8b5a9e23ce43631f867c36e089bbb8115d7f40e.jpeg
22-23 Inter Milan 3rd Shirt,https://static1.cdn-subsidesports.com/2/media/catalog/product/cache/8c1d2c81075bec58441bdd78446b18bb/8/c/8cf89876a5357857ea0c7b49e67be5fa1709805d4a992decf595421a76486a66.jpeg
,
,
21-22 Inter Milan Home Shirt - No Sponsor,https://static1.cdn-subsidesports.com/2/media/catalog/product/cache/8c1d2c81075bec58441bdd78446b18bb/b/1/b14c6f35f613da216782702d72e82840bf4efbdfaf80e54d3b60b7e6f433c296.jpeg
21-22 Inter Milan Dri-Fit ADV Match 3rd Shirt - No Sponsor,https://static1.cdn-subsidesports.com/2/media/catalog/product/cache/8c1d2c81075bec58441bdd78446b18bb/0/1/01b63ebed298b6862e67d3b992eab6b7d6b0f477cf1882a1f6802a3a18bc81b5.jpeg
21-22 Inter Milan 3rd Shirt - No Sponsor,https://static1.cdn-subsidesports.com/2/media/catalog/product/cache/8c1d2c81075bec58441bdd78446b18bb/3/d/3d6d1651539e12678bbfe35f5fb873956f16de5a64a2862e7e62a004869de2e8.jpeg
,
,
23-24 Juventus Home Shirt,https://static1.cdn-subsidesports.com/2/media/catalog/product/cache/8c1d2c81075bec58441bdd78446b18bb/e/8/e851d00322d85b54f3d73b12b5031fe7f34b2b442253e2590cf7e03fee80129f.jpeg
23-24 Juventus Away Shirt,https://static1.cdn-subsidesports.com/2/media/catalog/product/cache/8c1d2c81075bec58441bdd78446b18bb/c/8/c83c550a165caa1fafa400264cc1b6af386753f420d30bf73764f64b3055acb1.jpeg
,
22-23 Juventus 3rd Shirt,https://static1.cdn-subsidesports.com/2/media/catalog/product/cache/8c1d2c81075bec58441bdd78446b18bb/4/e/4e638a110efb820155313296b99da5e9164d596decee84221e4a1b9049ad7188.jpeg
22-23 Juventus Home Shirt - Kids,https://static1.cdn-subsidesports.com/2/media/catalog/product/cache/8c1d2c81075bec58441bdd78446b18bb/4/9/49aa964aa6399aeebdc0711b7fb8866771916f196da2024f43d98e927cab92e7.jpeg
21-22 Juventus Home Shirt,https://static1.cdn-subsidesports.com/2/media/catalog/product/cache/8c1d2c81075bec58441bdd78446b18bb/f/4/f4a98efb2bd5e34a5fb1ec836ff7b1f3d9b62333cac766f71091d5e4112007a3.jpeg
,
22-23 Lille OSC Home Shirt,https://static1.cdn-subsidesports.com/2/media/catalog/product/cache/8c1d2c81075bec58441bdd78446b18bb/2/0/202ab80be7f15cc30ee5e64991a1da90e9d7ef59d71bb26d43956b1ec2c3331f.jpeg
,
,
,
,
23-24 Liverpool Home Shirt,https://static1.cdn-subsidesports.com/2/media/catalog/product/cache/8c1d2c81075bec58441bdd78446b18bb/f/3/f38d73693d581822bb680016cef1c34e9acc94a73c7f676c73a6e87bc73514f9.jpeg
23-24 Liverpool Away Shirt,https://static1.cdn-subsidesports.com/2/media/catalog/product/cache/8c1d2c81075bec58441bdd78446b18bb/1/2/12e349ea945f9844f366acb058c1975292f10187da16328e09690fd7f3299b71.jpeg
,
,
,
23-24 Liverpool Dri-Fit ADV Match 3rd Shirt,https://static1.cdn-subsidesports.com/2/media/catalog/product/cache/8c1d2c81075bec58441bdd78446b18bb/8/9/89850086fb51331ad725d17f3f2909ce69dd19cf255f90f0bdcea5a53539363c.jpeg
,
,
,
,
,
22-23 Liverpool Away Shirt,https://static1.cdn-subsidesports.com/2/media/catalog/product/cache/8c1d2c81075bec58441bdd78446b18bb/6/2/62066de83d12932b734f0fce370cd63165ee8f15785c33fb9987c153029dc762.jpeg
,
22-23 Liverpool Home Shirt,https://static1.cdn-subsidesports.com/2/media/catalog/product/cache/8c1d2c81075bec58441bdd78446b18bb/0/5/0512d7c14a4a07a198bcccf07b29b74419ea9fde90a9e20a46f77bf9fddd62e6.jpeg
,
22-23 Liverpool Dri-Fit ADV Match 3rd Shirt,https://static1.cdn-subsidesports.com/2/media/catalog/product/cache/8c1d2c81075bec58441bdd78446b18bb/8/2/82f93b9e4e1c81b9fbc681544bdc71e54e843b3c51459281341ab819bb5bfaf3.jpeg
,
,
21-22 Liverpool 3rd Shirt,https://static1.cdn-subsidesports.com/2/media/catalog/product/cache/8c1d2c81075bec58441bdd78446b18bb/9/3/932eec0872c70efca78fb12ce89421d8ff8e0c42a8a057776d0ed27892566498.jpeg
21-22 Liverpool Dri-Fit ADV Match Home Shirt - Kids,https://static1.cdn-subsidesports.com/2/media/catalog/product/cache/8c1d2c81075bec58441bdd78446b18bb/d/6/d69f6b218fc75ee79abf76af881490a27f37930d96eb331de494d776af9f46cb.jpeg
,
20-21 Liverpool Vapor Match Home Shirt,https://static1.cdn-subsidesports.com/2/media/catalog/product/cache/8c1d2c81075bec58441bdd78446b18bb/9/9/99526c7a9c1e233bbc9042209862621421c85c7031c49b07c6d5da7abd345eeb.jpeg
,
,
,
,
23-24 Man City Home Shirt,https://static1.cdn-subsidesports.com/2/media/catalog/product/cache/8c1d2c81075bec58441bdd78446b18bb/9/6/96712ed549de2acb90686fe383eb7f3df8f97d437f1e1a41a89646e3351415d1.jpeg
23-24 Man City 3rd Shirt,https://static1.cdn-subsidesports.com/2/media/catalog/product/cache/8c1d2c81075bec58441bdd78446b18bb/f/4/f4910334573d0f233a3db3c589cb0c5933adcacc0cbdae054af25edefa357138.jpeg
,
22-23 Man City 3rd Shirt,https://static1.cdn-subsidesports.com/2/media/catalog/product/cache/8c1d2c81075bec58441bdd78446b18bb/1/9/19259e9cf144b170cc78c2ddae6f26cd335c7b72ef9b8e9ae9eb2f9ea67fc6d2.jpeg
,
,
,
,
23-24 Man Utd Home Shirt,https://static1.cdn-subsidesports.com/2/media/catalog/product/cache/8c1d2c81075bec58441bdd78446b18bb/0/8/080f0ab9a708b83464a53d8e6402d0a98f577aa805cbd7ff9a466c32a5363147.jpeg
23-24 Man Utd Away Shirt,https://static1.cdn-subsidesports.com/2/media/catalog/product/cache/8c1d2c81075bec58441bdd78446b18bb/a/b/ab6cd554e13b7df9a700b68c245268be8a3505fe2e63c9ffe6f73ec66e83e6a1.jpeg
22-23 Man Utd Away Shirt,https://static1.cdn-subsidesports.com/2/media/catalog/product/cache/8c1d2c81075bec58441bdd78446b18bb/3/f/3fa7974bf4002a0493cd5de6f2fa59043189e546461e2960aacbe300dca94343.jpeg
21-22 Man Utd Away Shirt,https://static1.cdn-subsidesports.com/2/media/catalog/product/cache/8c1d2c81075bec58441bdd78446b18bb/4/6/466eb038997a3454e540d68e21e4ee8d54e1b7aca26f11d1c0f7d57d473a455e.jpeg
,
,
,
,
23-24 PSG Home Shirt,https://static1.cdn-subsidesports.com/2/media/catalog/product/cache/8c1d2c81075bec58441bdd78446b18bb/a/3/a39feb9d5ba67e14938646f3b3e0b0fb8e4927d066e8fde913b2bc6430f91f98.jpeg
,https://static1.cdn-subsidesports.com/2/media/catalog/product/cache/8c1d2c81075bec58441bdd78446b18bb/d/0/d005981d1a13daa2b4ca5bfeaa42aa989a5e7a0f7f9b176ae76197f50a9455dd.jpeg
23-24 PSG Away Shirt,https://static1.cdn-subsidesports.com/2/media/catalog/product/cache/8c1d2c81075bec58441bdd78446b18bb/3/2/328bcb14625cbfd6c0fa6b5cb6d8d12b95f8e55331f86e13a2fd877e01e16b02.jpeg
,
,
22-23 PSG Home Shirt,https://static1.cdn-subsidesports.com/2/media/catalog/product/cache/8c1d2c81075bec58441bdd78446b18bb/1/7/17546352a756fe3fa5842b06c52064763dc9fe6d60a0cd9ed18a77c2db3571c5.jpeg
22-23 PSG 3rd Shirt,https://static1.cdn-subsidesports.com/2/media/catalog/product/cache/8c1d2c81075bec58441bdd78446b18bb/c/3/c3d96e0858d81ae24c0cc1ce1a3bccf6fdfa23204514a804d61c2aaef15c468d.jpeg
22-23 PSG Dri-Fit ADV Match 3rd Shirt,https://static1.cdn-subsidesports.com/2/media/catalog/product/cache/8c1d2c81075bec58441bdd78446b18bb/d/c/dc0fc1325e5b73e19e20c401cdf21568e08b1764ffc0f861d5e347ab002e8aa2.jpeg
,
22-23 PSG Dri-Fit ADV Match Home Shirt,https://static1.cdn-subsidesports.com/2/media/catalog/product/cache/8c1d2c81075bec58441bdd78446b18bb/4/1/411c007b6dd4236d052f5cc00561dd9b29fd4eb7588c64d0bb2c29fb842530dd.jpeg
,
21-22 PSG Away Shirt,https://static1.cdn-subsidesports.com/2/media/catalog/product/cache/8c1d2c81075bec58441bdd78446b18bb/9/9/99fec828f6c5264dbecd3ff9e61aba506db1ca6221c4ca54b7c0290d11b0870d.jpeg
,
23-24 RB Leipzig Home Shirt,https://static1.cdn-subsidesports.com/2/media/catalog/product/cache/8c1d2c81075bec58441bdd78446b18bb/a/8/a8dcc574c91b9ab32249e4b96d28ad6eb812f318e202e31245240debf045cb48.jpeg
23-24 RB Leipzig Away Shirt,https://static1.cdn-subsidesports.com/2/media/catalog/product/cache/8c1d2c81075bec58441bdd78446b18bb/f/d/fd448a17b1b124f9297d09b7d376245887ba4d2a849b755f9a102629148a0426.jpeg
23-24 RB Leipzig 3rd Shirt,https://static1.cdn-subsidesports.com/2/media/catalog/product/cache/8c1d2c81075bec58441bdd78446b18bb/8/0/8042118bd88c267082b10ba4dcec2cd47e008501f19bea34bbd53831a35940a8.jpeg
22-23 RB Leipzig Away Shirt + Bundesliga Patch,https://static1.cdn-subsidesports.com/2/media/catalog/product/cache/8c1d2c81075bec58441bdd78446b18bb/9/7/972de5362e29d6f033a42497f21c6b3ca3e8e019498d53f93863e5bb94f561db.jpeg
,
,
23-24 Real Madrid Home Shirt,https://static1.cdn-subsidesports.com/2/media/catalog/product/cache/8c1d2c81075bec58441bdd78446b18bb/5/b/5bf27ed786525274a0956cee605e9a9b88e0282259968bd2130fd4e6345a4fcd.jpeg
22-23 Real Madrid Home Shirt,https://static1.cdn-subsidesports.com/2/media/catalog/product/cache/8c1d2c81075bec58441bdd78446b18bb/5/7/574603fc6def017571c4346357bffe4b6465c3618ae38baa88564dd096361317.jpeg
,https://static1.cdn-subsidesports.com/2/media/catalog/product/cache/8c1d2c81075bec58441bdd78446b18bb/5/b/5bf27ed786525274a0956cee605e9a9b88e0282259968bd2130fd4e6345a4fcd.jpeg
,https://static1.cdn-subsidesports.com/2/media/catalog/product/cache/8c1d2c81075bec58441bdd78446b18bb/5/9/59914aec879dc4f5e7d6606c2fc8aa1d7f493a2604747945742a94812c9ae18e.jpeg
23-24 Real Madrid Away Shirt,https://static1.cdn-subsidesports.com/2/media/catalog/product/cache/8c1d2c81075bec58441bdd78446b18bb/0/b/0b4eb22d188e8a88664e81f469539d3ec3ea1b160ba59aab7ca0cfc70674e757.jpeg
23-24 Real Madrid 3rd Shirt,https://static1.cdn-subsidesports.com/2/media/catalog/product/cache/8c1d2c81075bec58441bdd78446b18bb/e/0/e06eb591cf4020edde15a1ecaecd27fc70ae8daaeccf60244c75b10779746e55.jpeg
,https://static1.cdn-subsidesports.com/2/media/catalog/product/cache/8c1d2c81075bec58441bdd78446b18bb/0/c/0cc409d6d27ea0ac9bc744c313e5b55b48e7ef16b0d40469f02f640124df740e.jpeg
,https://static1.cdn-subsidesports.com/2/media/catalog/product/cache/8c1d2c81075bec58441bdd78446b18bb/c/e/ceaeabdaf6d368059c72e083dc4f97c49e5c326931972a69232dc0fda5933ef1.jpeg
,https://static1.cdn-subsidesports.com/2/media/catalog/product/cache/8c1d2c81075bec58441bdd78446b18bb/6/b/6bce692159702ba7add9407cd3814db64354db6e91951aa53f62541a3a2d6be6.jpeg
22-23 Real Madrid Away Shirt,https://static1.cdn-subsidesports.com/2/media/catalog/product/cache/8c1d2c81075bec58441bdd78446b18bb/5/1/5168e748bf8521365c0573eb5846a169990d6180f0dde455058e62e61d1b32c0.jpeg
,https://static1.cdn-subsidesports.com/2/media/catalog/product/cache/8c1d2c81075bec58441bdd78446b18bb/c/4/c498c08c3142a0799ebe9c5da4ee4407f1b64fd5cdde1be623fd1de7377161e9.jpeg
,
,
,
,
,
22-23 VFL Wolfsburg Away Shirt,https://static1.cdn-subsidesports.com/2/media/catalog/product/cache/8c1d2c81075bec58441bdd78446b18bb/b/6/b6360c01361e3b08bd188053152a6dd10191057f541ecb1f127d9e553f9e613b.jpeg
,
23-24 Villarreal Home Shirt,https://static1.cdn-subsidesports.com/2/media/catalog/product/cache/8c1d2c81075bec58441bdd78446b18bb/3/0/309ca04ef8b62ae69d5e08c61b4206e0286d3650f91ab881cd3d986f49ae55c1.jpeg