23-24 Aston Villa Home Shirt,https://static1.cdn-subsidesports.com/2/media/catalog/product/cache/8c1d2c81075bec58441bdd78446b18bb/8/2/82cec636752033c0f619406167c218d87c73ccb2c9c9b2f092a3ec4a450dedc9.jpeg
,
,
,
23-24 Brentford Home Shirt,https://static1.cdn-subsidesports.com/2/media/catalog/product/cache/8c1d2c81075bec58441bdd78446b18bb/1/0/106dd0b78d2d7fa887184c78dba1132670e2aecc352662eac362aa5255bf9cbe.jpeg
23-24 Brentford 3rd Shirt,https://static1.cdn-subsidesports.com/2/media/catalog/product/cache/8c1d2c81075bec58441bdd78446b18bb/6/e/6ef9a2bc9024d956d43d14d6a0e8fda0a1e7c2daf68988382c73001d9eb3e34b.jpeg
21-22 Brentford Home Shirt,https://static1.cdn-subsidesports.com/2/media/catalog/product/cache/8c1d2c81075bec58441bdd78446b18bb/6/9/694270bf7a55a8f75bac3454aada80f6b1d7e20b629c9ebde37cf8b15c1f1cd8.jpeg
,
23-24 Burnley Home Shirt,https://static1.cdn-subsidesports.com/2/media/catalog/product/cache/8c1d2c81075bec58441bdd78446b18bb/c/6/c6336bdb7fa6c88cfa73776d5da2d69b950550625897b6144aad194dbd9e8459.jpeg
23-24 Burnley 3rd Shirt,https://static1.cdn-subsidesports.com/2/media/catalog/product/cache/8c1d2c81075bec58441bdd78446b18bb/5/f/5f054e899d98b957bf7be665bfbe30bc2f28f39a0115df79603b5a3bb7fb2cd9.jpeg
,
,
,
23-24 Chelsea Home Shirt,https://static1.cdn-subsidesports.com/2/media/catalog/product/cache/8c1d2c81075bec58441bdd78446b18bb/3/2/323a6a8c0b4005d713f396dcdb74cff10f91cdeada0bf400eaf6fbe75a579e22.jpeg
,
,
23-24 Chelsea Away Shirt,https://static1.cdn-subsidesports.com/2/media/catalog/product/cache/8c1d2c81075bec58441bdd78446b18bb/9/5/9594a988773f3a91a06ea4fffad7a41ed14e3bc082d042bbb9c2c744c503be50.jpeg
23-24 Chelsea 3rd Shirt,https://static1.cdn-subsidesports.com/2/media/catalog/product/cache/8c1d2c81075bec58441bdd78446b18bb/5/9/59139974dd85beca178d4a4a33b5a5a8caa84e616ba9581b4ff6e0b7baee4120.jpeg
,
,
,
22-23 Chelsea Home Shirt,https://static1.cdn-subsidesports.com/2/media/catalog/product/cache/8c1d2c81075bec58441bdd78446b18bb/8/e/8ee443f7ed4417b079f251ca092c38318ad483c3f706065a4925a7161c7bcbda.jpeg
22-23 Chelsea 3rd Shirt,https://static1.cdn-subsidesports.com/2/media/catalog/product/cache/8c1d2c81075bec58441bdd78446b18bb/4/d/4d3693b324b80746c57a6426175871dde51d38e45ab86fcb20aa989720c5aa4a.jpeg
,
,
22-23 Chelsea Away Shirt,https://static1.cdn-subsidesports.com/2/media/catalog/product/cache/8c1d2c81075bec58441bdd78446b18bb/7/7/7797fc211382fcbe286028c42520d3e7dd8cabf86ae38bd784aa002421aba118.jpeg
21-22 Chelsea Home Shirt,https://static1.cdn-subsidesports.com/2/media/catalog/product/cache/8c1d2c81075bec58441bdd78446b18bb/f/7/f7659d67e497a1ab4f169b5a72e56db5dd5bba73eb647d789ad758b2d6b6e6de.jpeg
,
,
,
,
,
,
,
,
23-24 Everton Home Shirt,https://static1.cdn-subsidesports.com/2/media/catalog/product/cache/8c1d2c81075bec58441bdd78446b18bb/3/f/3f589ff1a147de48603db303e9af878c82090b2e51a33767b66e630cbfb3ccf0.jpeg
20-21 Everton Home Shirt,https://static1.cdn-subsidesports.com/2/media/catalog/product/cache/8c1d2c81075bec58441bdd78446b18bb/d/9/d9acb0f0c21e32880b65a092a69b15e7c214070d5b8aa7eb6dc919969a3473d8.jpeg
,
,
,
,
,
,
,
23-24 Liverpool Home Shirt,https://static1.cdn-subsidesports.com/2/media/catalog/product/cache/8c1d2c81075bec58441bdd78446b18bb/f/3/f38d73693d581822bb680016cef1c34e9acc94a73c7f676c73a6e87bc73514f9.jpeg
23-24 Liverpool Away Shirt,https://static1.cdn-subsidesports.com/2/media/catalog/product/cache/8c1d2c81075bec58441bdd78446b18bb/1/2/12e349ea945f9844f366acb058c1975292f10187da16328e09690fd7f3299b71.jpeg
,
,
,
23-24 Liverpool 3rd Shirt,https://static1.cdn-subsidesports.com/2/media/catalog/product/cache/8c1d2c81075bec58441bdd78446b18bb/8/9/89850086fb51331ad725d17f3f2909ce69dd19cf255f90f0bdcea5a53539363c.jpeg
,
,
,
,
,
,
22-23 Liverpool Away Shirt,https://static1.cdn-subsidesports.com/2/media/catalog/product/cache/8c1d2c81075bec58441bdd78446b18bb/6/2/62066de83d12932b734f0fce370cd63165ee8f15785c33fb9987c153029dc762.jpeg
22-23 Liverpool Home Shirt,https://static1.cdn-subsidesports.com/2/media/catalog/product/cache/8c1d2c81075bec58441bdd78446b18bb/0/5/0512d7c14a4a07a198bcccf07b29b74419ea9fde90a9e20a46f77bf9fddd62e6.jpeg
,
22-23 Liverpool 3rd Shirt,https://static1.cdn-subsidesports.com/2/media/catalog/product/cache/8c1d2c81075bec58441bdd78446b18bb/8/2/82f93b9e4e1c81b9fbc681544bdc71e54e843b3c51459281341ab819bb5bfaf3.jpeg
21-22 Liverpool Home Shirt,https://static1.cdn-subsidesports.com/2/media/catalog/product/cache/8c1d2c81075bec58441bdd78446b18bb/1/5/1524a95926e1a9171f55fcf990b4e65080ec96cb859d6c51a96cf9365c76feda.jpeg
,
21-22 Liverpool 3rd Shirt,https://static1.cdn-subsidesports.com/2/media/catalog/product/cache/8c1d2c81075bec58441bdd78446b18bb/9/3/932eec0872c70efca78fb12ce89421d8ff8e0c42a8a057776d0ed27892566498.jpeg
,
,
,
,
,
23-24 Man City Home Shirt,https://static1.cdn-subsidesports.com/2/media/catalog/product/cache/8c1d2c81075bec58441bdd78446b18bb/9/6/96712ed549de2acb90686fe383eb7f3df8f97d437f1e1a41a89646e3351415d1.jpeg
23-24 Man City 3rd Shirt,https://static1.cdn-subsidesports.com/2/media/catalog/product/cache/8c1d2c81075bec58441bdd78446b18bb/f/4/f4910334573d0f233a3db3c589cb0c5933adcacc0cbdae054af25edefa357138.jpeg
,
22-23 Man City 3rd Shirt,https://static1.cdn-subsidesports.com/2/media/catalog/product/cache/8c1d2c81075bec58441bdd78446b18bb/1/9/19259e9cf144b170cc78c2ddae6f26cd335c7b72ef9b8e9ae9eb2f9ea67fc6d2.jpeg
,
,
,
23-24 Man Utd Home Shirt,https://static1.cdn-subsidesports.com/2/media/catalog/product/cache/8c1d2c81075bec58441bdd78446b18bb/0/8/080f0ab9a708b83464a53d8e6402d0a98f577aa805cbd7ff9a466c32a5363147.jpeg
23-24 Man Utd Away Shirt,https://static1.cdn-subsidesports.com/2/media/catalog/product/cache/8c1d2c81075bec58441bdd78446b18bb/a/b/ab6cd554e13b7df9a700b68c245268be8a3505fe2e63c9ffe6f73ec66e83e6a1.jpeg
22-23 Man Utd Away Shirt,https://static1.cdn-subsidesports.com/2/media/catalog/product/cache/8c1d2c81075bec58441bdd78446b18bb/3/f/3fa7974bf4002a0493cd5de6f2fa59043189e546461e2960aacbe300dca94343.jpeg
21-22 Man Utd Away Shirt,https://static1.cdn-subsidesports.com/2/media/catalog/product/cache/8c1d2c81075bec58441bdd78446b18bb/4/6/466eb038997a3454e540d68e21e4ee8d54e1b7aca26f11d1c0f7d57d473a455e.jpeg
,
,
,
23-24 Newcastle Utd Home Shirt,https://static1.cdn-subsidesports.com/2/media/catalog/product/cache/8c1d2c81075bec58441bdd78446b18bb/9/5/958f319850afb3187dee9cebc6590c5cababb08e32ae44be698caa766a14f9bc.jpeg
,
,
,
23-24 Tottenham Home Shirt,https://static1.cdn-subsidesports.com/2/media/catalog/product/cache/8c1d2c81075bec58441bdd78446b18bb/0/f/0f9b9611a5692f18ab49f9bdf93f8ccb733ddf3ed77e6b5e94996f217cfd32b9.jpeg
23-24 Tottenham Away Shirt,https://static1.cdn-subsidesports.com/2/media/catalog/product/cache/8c1d2c81075bec58441bdd78446b18bb/6/e/6eb907fcd32155d49366de76e68a88f780849b90b27fe9b135d3f8df0160f2fb.jpeg
,
22-23 Tottenham Home Shirt,https://static1.cdn-subsidesports.com/2/media/catalog/product/cache/8c1d2c81075bec58441bdd78446b18bb/3/2/322164de5b42e55492b6f2282c8fbfe32be6ea87d6292133b7017a4ec7bc560d.jpeg
22-23 Tottenham 3rd Shirt,https://static1.cdn-subsidesports.com/2/media/catalog/product/cache/8c1d2c81075bec58441bdd78446b18bb/8/0/8043f651f9a73cf7afafe0c3db93cbc907ebb921ada373538cc07edbfe238d49.jpeg
22-23 Tottenham Away Shirt,https://static1.cdn-subsidesports.com/2/media/catalog/product/cache/8c1d2c81075bec58441bdd78446b18bb/5/a/5a52ac1218ffe261d0bdb162c5d2404bd2fa65e6bafaa090a100573eb8829da9.jpeg
,
,
,
,
23-24 West Ham Home Shirt,https://static1.cdn-subsidesports.com/2/media/catalog/product/cache/8c1d2c81075bec58441bdd78446b18bb/5/1/51bd43d78062266d70ffa545e00ef93d0a2f45e39296e656f770f259469e1943.jpeg
23-24 West Ham Away Shirt,https://static1.cdn-subsidesports.com/2/media/catalog/product/cache/8c1d2c81075bec58441bdd78446b18bb/7/4/74a863ad3fef795a7437f42d22b5f3a326a1f8ea462e9f18ebeb6b07538dfdf7.jpeg
23-24 West Ham 3rd Shirt,https://static1.cdn-subsidesports.com/2/media/catalog/product/cache/8c1d2c81075bec58441bdd78446b18bb/9/0/90ccdb7b1b762a47c904fd91538f6370f0f90456e0dce5691b58543594546031.jpeg
,
,
23-24 Wolves Home Shirt,https://static1.cdn-subsidesports.com/2/media/catalog/product/cache/8c1d2c81075bec58441bdd78446b18bb/a/b/ab9458798a766a82a43b3304a9428c3dc0a29f48d12b680ed2045eba86d79b3e.jpeg
23-24 Wolves Away Shirt,https://static1.cdn-subsidesports.com/2/media/catalog/product/cache/8c1d2c81075bec58441bdd78446b18bb/b/0/b05f114a09db4f2cffeb2f6a5d5d1b935a8006d95a8cf20f39bf4accced2d0f7.jpeg
22-23 Wolves Away Shirt,https://static1.cdn-subsidesports.com/2/media/catalog/product/cache/8c1d2c81075bec58441bdd78446b18bb/b/c/bc0aa2cbb4c4cdcdce06513ec7bed57ac38f254d8cabfb8056ab089c769c40a6.jpeg
23-24 Burnley Home Shirt,https://static1.cdn-subsidesports.com/2/media/catalog/product/cache/8c1d2c81075bec58441bdd78446b18bb/6/0/60b904d4fee1d444fd0bdff2c147b2801aaf518d6d7e0a1b898dd0da6b007ecd.jpeg
23-24 Burnley Home Shirt,https://static1.cdn-subsidesports.com/2/media/catalog/product/cache/8c1d2c81075bec58441bdd78446b18bb/c/6/c6336bdb7fa6c88cfa73776d5da2d69b950550625897b6144aad194dbd9e8459.jpeg
23-24 Burnley 3rd Shirt,https://static1.cdn-subsidesports.com/2/media/catalog/product/cache/8c1d2c81075bec58441bdd78446b18bb/5/f/5f054e899d98b957bf7be665bfbe30bc2f28f39a0115df79603b5a3bb7fb2cd9.jpeg
,
22-23 Newport County Home Shirt,https://static1.cdn-subsidesports.com/2/media/catalog/product/cache/8c1d2c81075bec58441bdd78446b18bb/a/d/ad06d0a780bfcfbdcd5a5b05236635ae611874aa50f0c3916baf87c5d6ce01d9.jpeg